experiment,val_mae,val_rmse,val_mape,test_mae,test_rmse,test_mape,best_model_on_val
B1 (naive-last),6.454645161290323,8.239123896425223,4.400687995024389,6.3666451612903225,8.107879083077549,4.1688978547153885,False
B2 (moving-average),15.056300880088006,18.229788331606454,10.39107053071654,8.390294573643411,10.248502154797158,5.576766654102831,False
B3 (ridge-lag-features),4.046116185164839,5.183700633159776,3.033989561237815,4.046116185164839,5.183700633159776,3.033989561237815,True
R1 (GRU),5.805945873260498,7.458861376718928,3.8807218074798584,6.993115425109863,8.776218045025324,4.474304676055908,False
